<!--使用时请不要改变已有的控件的名字;其余属性及图片等,可根据具体需要修改,但尽量不要改变布局,因为现有的设计属于自适应大小,可直接改变窗体的size而不会打乱布局-->
<?xml version="1.0" encoding="utf-8" standalone="yes" ?>
<Window size="412,277" caption="0,0,0,55" bktrans="true">
	<Font id="0" name="微软雅黑" size="14" bold="false"/>
    <Font id="1" name="微软雅黑" size="16" />
	<VerticalLayout bkimage="file='MsgBoxBk.png' corner='30,60,30,30'" >
		<HorizontalLayout height="40"> <!--标题栏-->
					<Control width="12" />
			<Label name="TitleLab" font="1" textcolor="#FFFFCC66" textpadding="10,6,0,0"/>
			<Control  />
			<Container width="40" inset="5,10,10,5">
				<Control />
				<Button name="CloseBtn" tooltip="关闭" width="25" height="25" normalimage="file='CloseBtn.png' source='0,0,25,25'" hotimage="file='CloseBtn.png' source='0,25,25,50'" pushedimage="file='CloseBtn.png' source='0,50,25,75'"/>
			</Container>
		</HorizontalLayout>
		<HorizontalLayout inset="15,0,15,0">	<!--中间的图标和内容-->
			<Control  />
			<Label name="TextLab" font="1" textcolor="#FFFBCD6F" align="center"/>
			<Control  />
		</HorizontalLayout>
		<HorizontalLayout height="55" childpadding="10" inset="0,0,10,0">	<!--底部按钮区域-->
			<Control />
			<Button name="OkBtn" text="确定" textcolor="#FF66FF66" width="90" height="45" hotimage="file='PopWndBtn.png' source='0,0,90,45' corner='20,15,20,15'" bkimage="file='PopWndBtn.png' source='0,45,90,90' corner='20,15,20,15'" pushedimage="file='PopWndBtn.png' source='0,90,90,135' corner='20,15,20,15'"/>
				<Control />
		</HorizontalLayout>
	</VerticalLayout>
</Window>
